<?xml version="1.0" encoding="utf-8"?>
<odoo>
    <data>

    	<record id="group_restrict_warehouse" model="res.groups">
            <field name="name">Resrict Stock warehouses</field>
        </record>

        <record id="filter_user_stock_picking_type_allowed_new" model="ir.rule">
            <field name="name">Filter Stock Picking Type Allowed new</field>
            <field name="model_id" search="[('model','=','stock.picking.type')]" model="ir.model"/>
            <field name="groups" eval="[(4, ref('group_restrict_warehouse'))]"/>
            <field name="domain_force">[('id','in', [ p.id for p in user.default_picking_type_ids ])]</field>
            <field name="perm_read" eval="True"/>
            <field name="perm_write" eval="True"/>
            <field name="perm_create" eval="True"/>
            <field name="perm_unlink" eval="False"/>
        </record>

    </data>
</odoo>